{"cameraMode":{"drawMode":0,"name":"Shaded","section":"Shading Mode"},"sceneLighting":true,"audioPlay":false,"sceneViewState":{"m_AlwaysRefresh":false,"showFog":true,"showSkybox":false,"showFlares":true,"showImageEffects":true,"showParticleSystems":true,"showVisualEffectGraphs":true,"m_FxEnabled":true},"in2DMode":false,"pivot":{"x":31.254304885864259,"y":27.070018768310548,"z":-3.9049072265625},"rotation":{"x":-0.12126508355140686,"y":0.06308359652757645,"z":-0.007722864858806133,"w":-0.9905973076820374},"size":125.57760620117188,"orthographic":false}